,Locus,Score,AA Family,Spec_Region,Specifier,T-box Seq
0,1916505-1916746,127.7,T-box ASP,GGUCG,GUC,UGGU
1,1581939-1582197,123.1,T-box ASP,AAUCC,AUC,UGGU
2,1053851-1054084,120.4,T-box GLU,UCUCA,CUC,UGGU
3,1357281-1357003,118.6,T-box PRO,AUGGG,UGG,UGGC
4,32178-32403,116.8,T-box GLY,AUCCA,UCC,UGGC
5,1053540-1053808,115.7,T-box GLU,GCUCG,CUC,UGGU
6,2344292-2344529,112.9,T-box GLU,AUUCC,UUC,UGGU
7,1147902-1148143,112.0,T-box GLY,AGCCA,GCC,UGGU
8,211869-212128,105.8,T-box ALA,AUGCC,UGC,UGGA
9,1035382-1035641,103.6,T-box ASP,AAUCA,AUC,UGGU
10,90642-90895,103.5,T-box HIS,CAUGG,AUG,UGGU
11,2344003-2344243,100.2,T-box GLU,AUUCC,UUC,UGGU
12,4004184-4003917,99.0,T-box ASP,AAUCA,AUC,UGGU
13,2505868-2505621,99.0,Unknown,,-GC,UGGC
14,5156790-5157037,97.9,T-box GLY,ACCCA,CCC,UGGU
15,1695132-1695418,95.1,T-box GLU,AUUCA,UUC,UGGU
16,2293987-2293723,92.5,T-box ALA,GCGCC,CGC,UGGC
17,2870122-2870351,91.0,T-box VAL,AUACA,UAC,UGGU
18,1983130-1983393,90.4,T-box VAL,UGACA,GAC,UGGC
19,2077181-2077425,88.0,T-box GLU,ACUCA,CUC,UGGU
20,1658899-1659134,87.5,T-box GLY,UACCA,ACC,UGGU
21,1998578-1998804,82.9,T-box SER,GGCUA,GCU,UGGU
22,1093596-1093810,82.8,T-box GLY,CCCCA,CCC,UGGU
23,2151416-2151591,79.9,T-box ALA,GGGCG,GGC,UGGA
24,1671532-1671782,71.5,T-box GLU,gCUCA,CUC,UGGU
25,1105544-1105734,14.6,Unknown,,,
26,1620812-1621049,13.9,T-box TYR,AAUAU,AUA,UGGU
